﻿{"cameraMode":{"drawMode":0,"name":"Shaded","section":"Shading Mode"},"sceneLighting":true,"audioPlay":false,"sceneViewState":{"showFog":true,"showMaterialUpdate":false,"showSkybox":true,"showFlares":true,"showImageEffects":true,"showParticleSystems":true},"in2DMode":false,"pivot":{"x":3.7886674404144289,"y":3.57841157913208,"z":7.090615749359131},"rotation":{"x":0.030391214415431024,"y":0.9636200666427612,"z":-0.23428252339363099,"w":0.12500116229057313},"size":15.118507385253907,"orthographic":false}