﻿{"cameraMode":{"drawMode":0,"name":"Shaded","section":"Shading Mode"},"sceneLighting":false,"audioPlay":false,"sceneViewState":{"showFog":true,"showMaterialUpdate":false,"showSkybox":false,"showFlares":true,"showImageEffects":true,"showParticleSystems":true},"in2DMode":false,"pivot":{"x":-2.6268885135650636,"y":1.5457044839859009,"z":-3.8790597915649416},"rotation":{"x":-0.023414121940732003,"y":0.8419151306152344,"z":-0.036645349115133288,"w":-0.5378609895706177},"size":1.9578847885131837,"orthographic":false}