﻿{"cameraMode":{"drawMode":0,"name":"Shaded","section":"Shading Mode"},"sceneLighting":false,"audioPlay":false,"sceneViewState":{"showFog":true,"showMaterialUpdate":false,"showSkybox":false,"showFlares":true,"showImageEffects":true,"showParticleSystems":true},"in2DMode":false,"pivot":{"x":-0.16499900817871095,"y":3.4949769973754885,"z":-0.15007877349853517},"rotation":{"x":0.2919163703918457,"y":0.27996397018432619,"z":-0.08994729071855545,"w":0.9101948738098145},"size":130.3458709716797,"orthographic":false}