﻿{"cameraMode":{"drawMode":0,"name":"Shaded","section":"Shading Mode"},"sceneLighting":true,"audioPlay":false,"sceneViewState":{"showFog":true,"showMaterialUpdate":false,"showSkybox":true,"showFlares":true,"showImageEffects":true,"showParticleSystems":true},"in2DMode":false,"pivot":{"x":-4.254095077514648,"y":0.9363675117492676,"z":-9.669740676879883},"rotation":{"x":0.10460378229618073,"y":-0.8949663639068604,"z":0.2916244864463806,"w":0.3210175335407257},"size":15.691433906555176,"orthographic":false}
