﻿{"cameraMode":{"drawMode":0,"name":"Shaded","section":"Shading Mode"},"sceneLighting":false,"audioPlay":false,"sceneViewState":{"showFog":true,"showMaterialUpdate":false,"showSkybox":false,"showFlares":true,"showImageEffects":true,"showParticleSystems":true},"in2DMode":false,"pivot":{"x":-2.6520345211029054,"y":1.4015398025512696,"z":-3.6601016521453859},"rotation":{"x":-0.10925880074501038,"y":0.7598013877868652,"z":-0.13238148391246797,"w":-0.6270910501480103},"size":1.3146531581878663,"orthographic":false}